CCLE_feature_id,TCGA_feature_id,Uppsala_feature_ids,Lambrechts,TRACERx_feature_id,HGNC symbol,Gene description
Tnfrsf12a,TNFRSF12A|51330,ENSG00000006327,TNFRSF12A,TNFRSF12A,TNFRSF12A,TNF receptor superfamily member 12A [Source:HGNC Symbol;Acc:HGNC:18152]
Prss3,PRSS3|5646,ENSG00000010438,PRSS3,PRSS3,PRSS3,serine protease 3 [Source:HGNC Symbol;Acc:HGNC:9486]
Plaur,PLAUR|5329,ENSG00000011422,PLAUR,PLAUR,PLAUR,"plasminogen activator, urokinase receptor [Source:HGNC Symbol;Acc:HGNC:9053]"
Serpinb1,SERPINB1|1992,ENSG00000021355,SERPINB1,SERPINB1,SERPINB1,serpin family B member 1 [Source:HGNC Symbol;Acc:HGNC:3311]
Arntl2,ARNTL2|56938,ENSG00000029153,ARNTL2,ARNTL2,ARNTL2,aryl hydrocarbon receptor nuclear translocator like 2 [Source:HGNC Symbol;Acc:HGNC:18984]
Foxc1,FOXC1|2296,ENSG00000054598,FOXC1,FOXC1,FOXC1,forkhead box C1 [Source:HGNC Symbol;Acc:HGNC:3800]
Slc2a3,SLC2A3|6515,ENSG00000059804,SLC2A3,SLC2A3,SLC2A3,solute carrier family 2 member 3 [Source:HGNC Symbol;Acc:HGNC:11007]
Fam107b,FAM107B|83641,ENSG00000065809,FAM107B,FAM107B,FAM107B,family with sequence similarity 107 member B [Source:HGNC Symbol;Acc:HGNC:23726]
Klf6,KLF6|1316,ENSG00000067082,KLF6,KLF6,KLF6,Kruppel like factor 6 [Source:HGNC Symbol;Acc:HGNC:2235]
Mast4,MAST4|375449,ENSG00000069020,MAST4,MAST4,MAST4,microtubule associated serine/threonine kinase family member 4 [Source:HGNC Symbol;Acc:HGNC:19037]
Cxcl2,CXCL2|2920,ENSG00000081041,CXCL2,CXCL2,CXCL2,C-X-C motif chemokine ligand 2 [Source:HGNC Symbol;Acc:HGNC:4603]
Ppp1r15a,PPP1R15A|23645,ENSG00000087074,PPP1R15A,PPP1R15A,PPP1R15A,protein phosphatase 1 regulatory subunit 15A [Source:HGNC Symbol;Acc:HGNC:14375]
Itpr3,ITPR3|3710,ENSG00000096433,ITPR3,ITPR3,ITPR3,"inositol 1,4,5-trisphosphate receptor type 3 [Source:HGNC Symbol;Acc:HGNC:6182]"
Jag1,JAG1|182,ENSG00000101384,JAG1,JAG1,JAG1,jagged canonical Notch ligand 1 [Source:HGNC Symbol;Acc:HGNC:6188]
Has3,HAS3|3038,ENSG00000103044,HAS3,HAS3,HAS3,hyaluronan synthase 3 [Source:HGNC Symbol;Acc:HGNC:4820]
Ndrg1,NDRG1|10397,ENSG00000104419,NDRG1,NDRG1,NDRG1,N-myc downstream regulated 1 [Source:HGNC Symbol;Acc:HGNC:7679]
Tnfrsf10a,TNFRSF10A|8797,ENSG00000104689,TNFRSF10A,TNFRSF10A,TNFRSF10A,TNF receptor superfamily member 10a [Source:HGNC Symbol;Acc:HGNC:11904]
Kcnn4,KCNN4|3783,ENSG00000104783,KCNN4,KCNN4,KCNN4,potassium calcium-activated channel subfamily N member 4 [Source:HGNC Symbol;Acc:HGNC:6293]
Tfpi2,TFPI2|7980,ENSG00000105825,TFPI2,TFPI2,TFPI2,tissue factor pathway inhibitor 2 [Source:HGNC Symbol;Acc:HGNC:11761]
Smurf2,SMURF2|64750,ENSG00000108854,SMURF2,SMURF2,SMURF2,SMAD specific E3 ubiquitin protein ligase 2 [Source:HGNC Symbol;Acc:HGNC:16809]
Ehd1,EHD1|10938,ENSG00000110047,EHD1,EHD1,EHD1,EH domain containing 1 [Source:HGNC Symbol;Acc:HGNC:3242]
Hbegf,HBEGF|1839,ENSG00000113070,HBEGF,HBEGF,HBEGF,heparin binding EGF like growth factor [Source:HGNC Symbol;Acc:HGNC:3059]
Sdc1,SDC1|6382,ENSG00000115884,SDC1,SDC1,SDC1,syndecan 1 [Source:HGNC Symbol;Acc:HGNC:10658]
Uap1,UAP1|6675,ENSG00000117143,UAP1,UAP1,UAP1,UDP-N-acetylglucosamine pyrophosphorylase 1 [Source:HGNC Symbol;Acc:HGNC:12457]
Ell2,ELL2|22936,ENSG00000118985,ELL2,ELL2,ELL2,elongation factor for RNA polymerase II 2 [Source:HGNC Symbol;Acc:HGNC:17064]
Dusp1,DUSP1|1843,ENSG00000120129,DUSP1,DUSP1,DUSP1,dual specificity phosphatase 1 [Source:HGNC Symbol;Acc:HGNC:3064]
Dusp4,DUSP4|1846,ENSG00000120875,DUSP4,DUSP4,DUSP4,dual specificity phosphatase 4 [Source:HGNC Symbol;Acc:HGNC:3070]
Tnfrsf10b,TNFRSF10B|8795,ENSG00000120889,TNFRSF10B,TNFRSF10B,TNFRSF10B,TNF receptor superfamily member 10b [Source:HGNC Symbol;Acc:HGNC:11905]
G0s2,G0S2|50486,ENSG00000123689,G0S2,G0S2,G0S2,G0/G1 switch 2 [Source:HGNC Symbol;Acc:HGNC:30229]
Sdc4,SDC4|6385,ENSG00000124145,SDC4,SDC4,SDC4,syndecan 4 [Source:HGNC Symbol;Acc:HGNC:10661]
Ereg,EREG|2069,ENSG00000124882,EREG,EREG,EREG,epiregulin [Source:HGNC Symbol;Acc:HGNC:3443]
Efnb2,EFNB2|1948,ENSG00000125266,EFNB2,EFNB2,EFNB2,ephrin B2 [Source:HGNC Symbol;Acc:HGNC:3227]
Bmp2,BMP2|650,ENSG00000125845,BMP2,BMP2,BMP2,bone morphogenetic protein 2 [Source:HGNC Symbol;Acc:HGNC:1069]
Zfp36,ZFP36|7538,ENSG00000128016,ZFP36,ZFP36,ZFP36,ZFP36 ring finger protein [Source:HGNC Symbol;Acc:HGNC:12862]
Lif,LIF|3976,ENSG00000128342,LIF,LIF,LIF,LIF interleukin 6 family cytokine [Source:HGNC Symbol;Acc:HGNC:6596]
Calu,CALU|813,ENSG00000128595,CALU,CALU,CALU,calumenin [Source:HGNC Symbol;Acc:HGNC:1458]
Palld,PALLD|23022,ENSG00000129116,PALLD,PALLD,PALLD,"palladin, cytoskeletal associated protein [Source:HGNC Symbol;Acc:HGNC:17068]"
Ldlr,LDLR|3949,ENSG00000130164,LDLR,LDLR,LDLR,low density lipoprotein receptor [Source:HGNC Symbol;Acc:HGNC:6547]
Gdf15,GDF15|9518,ENSG00000130513,GDF15,GDF15,GDF15,growth differentiation factor 15 [Source:HGNC Symbol;Acc:HGNC:30142]
Ulbp2,ULBP2|80328,ENSG00000131015,ULBP2,ULBP2,ULBP2,UL16 binding protein 2 [Source:HGNC Symbol;Acc:HGNC:14894]
Kcnk1,KCNK1|3775,ENSG00000135750,KCNK1,KCNK1,KCNK1,potassium two pore domain channel subfamily K member 1 [Source:HGNC Symbol;Acc:HGNC:6272]
Flnb,FLNB|2317,ENSG00000136068,FLNB,FLNB,FLNB,filamin B [Source:HGNC Symbol;Acc:HGNC:3755]
Ier3,IER3|8870,ENSG00000137331,,IER3,IER3,immediate early response 3 [Source:HGNC Symbol;Acc:HGNC:5392]
Stambpl1,STAMBPL1|57559,ENSG00000138134,STAMBPL1,STAMBPL1,STAMBPL1,STAM binding protein like 1 [Source:HGNC Symbol;Acc:HGNC:24105]
Dusp5,DUSP5|1847,ENSG00000138166,DUSP5,DUSP5,DUSP5,dual specificity phosphatase 5 [Source:HGNC Symbol;Acc:HGNC:3071]
Ssfa2,SSFA2|6744,ENSG00000138434,SSFA2,SSFA2,ITPRID2,ITPR interacting domain containing 2 [Source:HGNC Symbol;Acc:HGNC:11319]
Ppp3ca,PPP3CA|5530,ENSG00000138814,PPP3CA,PPP3CA,PPP3CA,protein phosphatase 3 catalytic subunit alpha [Source:HGNC Symbol;Acc:HGNC:9314]
Tob1,TOB1|10140,ENSG00000141232,TOB1,TOB1,TOB1,"transducer of ERBB2, 1 [Source:HGNC Symbol;Acc:HGNC:11979]"
Slc16a3,SLC16A3|9123,ENSG00000141526,SLC16A3,SLC16A3,SLC16A3,solute carrier family 16 member 3 [Source:HGNC Symbol;Acc:HGNC:10924]
Epha2,EPHA2|1969,ENSG00000142627,EPHA2,EPHA2,EPHA2,EPH receptor A2 [Source:HGNC Symbol;Acc:HGNC:3386]
Mcl1,MCL1|4170,ENSG00000143384,MCL1,MCL1,MCL1,"MCL1 apoptosis regulator, BCL2 family member [Source:HGNC Symbol;Acc:HGNC:6943]"
Slc20a1,SLC20A1|6574,ENSG00000144136,SLC20A1,SLC20A1,SLC20A1,solute carrier family 20 member 1 [Source:HGNC Symbol;Acc:HGNC:10946]
Nfkbiz,NFKBIZ|64332,ENSG00000144802,NFKBIZ,NFKBIZ,NFKBIZ,NFKB inhibitor zeta [Source:HGNC Symbol;Acc:HGNC:29805]
Phldb2,PHLDB2|90102,ENSG00000144824,PHLDB2,PHLDB2,PHLDB2,pleckstrin homology like domain family B member 2 [Source:HGNC Symbol;Acc:HGNC:29573]
Camk2d,CAMK2D|817,ENSG00000145349,CAMK2D,CAMK2D,CAMK2D,calcium/calmodulin dependent protein kinase II delta [Source:HGNC Symbol;Acc:HGNC:1462]
Lhfpl2,LHFPL2|10184,ENSG00000145685,LHFPL2,LHFPL2,LHFPL2,LHFPL tetraspan subfamily member 2 [Source:HGNC Symbol;Acc:HGNC:6588]
Tcf7l2,TCF7L2|6934,ENSG00000148737,TCF7L2,TCF7L2,TCF7L2,transcription factor 7 like 2 [Source:HGNC Symbol;Acc:HGNC:11641]
Inpp1,INPP1|3628,ENSG00000151689,INPP1,INPP1,INPP1,inositol polyphosphate-1-phosphatase [Source:HGNC Symbol;Acc:HGNC:6071]
Tmem45b,TMEM45B|120224,ENSG00000151715,TMEM45B,TMEM45B,TMEM45B,transmembrane protein 45B [Source:HGNC Symbol;Acc:HGNC:25194]
Mbnl1,MBNL1|4154,ENSG00000152601,MBNL1,MBNL1,MBNL1,muscleblind like splicing regulator 1 [Source:HGNC Symbol;Acc:HGNC:6923]
Hk2,HK2|3099,ENSG00000159399,HK2,HK2,HK2,hexokinase 2 [Source:HGNC Symbol;Acc:HGNC:4923]
Pdlim5,PDLIM5|10611,ENSG00000163110,PDLIM5,PDLIM5,PDLIM5,PDZ and LIM domain 5 [Source:HGNC Symbol;Acc:HGNC:17468]
Antxr2,ANTXR2|118429,ENSG00000163297,ANTXR2,ANTXR2,ANTXR2,ANTXR cell adhesion molecule 2 [Source:HGNC Symbol;Acc:HGNC:21732]
Cxcl1,CXCL1|2919,ENSG00000163739,CXCL1,CXCL1,CXCL1,C-X-C motif chemokine ligand 1 [Source:HGNC Symbol;Acc:HGNC:4602]
Cdcp1,CDCP1|64866,ENSG00000163814,CDCP1,CDCP1,CDCP1,CUB domain containing protein 1 [Source:HGNC Symbol;Acc:HGNC:24357]
Itga2,ITGA2|3673,ENSG00000164171,ITGA2,ITGA2,ITGA2,integrin subunit alpha 2 [Source:HGNC Symbol;Acc:HGNC:6137]
Foxq1,FOXQ1|94234,ENSG00000164379,FOXQ1,FOXQ1,FOXQ1,forkhead box Q1 [Source:HGNC Symbol;Acc:HGNC:20951]
Steap1,STEAP1|26872,ENSG00000164647,STEAP1,STEAP1,STEAP1,STEAP family member 1 [Source:HGNC Symbol;Acc:HGNC:11378]
Aqp3,AQP3|360,ENSG00000165272,AQP3,AQP3,AQP3,aquaporin 3 (Gill blood group) [Source:HGNC Symbol;Acc:HGNC:636]
Il8,IL8|3576,ENSG00000169429,CXCL8,CXCL8,CXCL8,C-X-C motif chemokine ligand 8 [Source:HGNC Symbol;Acc:HGNC:6025]
Fos,FOS|2353,ENSG00000170345,FOS,FOS,FOS,"Fos proto-oncogene, AP-1 transcription factor subunit [Source:HGNC Symbol;Acc:HGNC:3796]"
Junb,JUNB|3726,ENSG00000171223,JUNB,JUNB,JUNB,"JunB proto-oncogene, AP-1 transcription factor subunit [Source:HGNC Symbol;Acc:HGNC:6205]"
Myd88,MYD88|4615,ENSG00000172936,MYD88,MYD88,MYD88,MYD88 innate immune signal transduction adaptor [Source:HGNC Symbol;Acc:HGNC:7562]
Raph1,RAPH1|65059,ENSG00000173166,RAPH1,RAPH1,RAPH1,Ras association (RalGDS/AF-6) and pleckstrin homology domains 1 [Source:HGNC Symbol;Acc:HGNC:14436]
C12orf35,C12orf35|55196,ENSG00000174718,RESF1,KIAA1551,RESF1,retroelement silencing factor 1 [Source:HGNC Symbol;Acc:HGNC:25559]
C4orf32,C4orf32|132720,ENSG00000174749,FAM241A,C4orf32,FAM241A,family with sequence similarity 241 member A [Source:HGNC Symbol;Acc:HGNC:26813]
Clcf1,CLCF1|23529,ENSG00000175505,CLCF1,CLCF1,CLCF1,cardiotrophin like cytokine factor 1 [Source:HGNC Symbol;Acc:HGNC:17412]
Sfn,SFN|2810,ENSG00000175793,SFN,SFN,SFN,stratifin [Source:HGNC Symbol;Acc:HGNC:10773]
PHLDA2 Phlda2,PHLDA2|7262,ENSG00000181649,PHLDA2,PHLDA2,PHLDA2,pleckstrin homology like domain family A member 2 [Source:HGNC Symbol;Acc:HGNC:12385]
Smtn,SMTN|6525,ENSG00000183963,SMTN,SMTN,SMTN,smoothelin [Source:HGNC Symbol;Acc:HGNC:11126]
Sema4b,SEMA4B|10509,ENSG00000185033,SEMA4B,SEMA4B,SEMA4B,semaphorin 4B [Source:HGNC Symbol;Acc:HGNC:10730]
Spry4,SPRY4|81848,ENSG00000187678,SPRY4,SPRY4,SPRY4,sprouty RTK signaling antagonist 4 [Source:HGNC Symbol;Acc:HGNC:15533]
S100a6,S100A6|6277,ENSG00000197956,S100A6,S100A6,S100A6,S100 calcium binding protein A6 [Source:HGNC Symbol;Acc:HGNC:10496]
Serpinb5,SERPINB5|5268,ENSG00000206075,SERPINB5,SERPINB5,SERPINB5,serpin family B member 5 [Source:HGNC Symbol;Acc:HGNC:8949]
